--
-- PostgreSQL database dump
--

-- Dumped from database version 17.4
-- Dumped by pg_dump version 17.4

-- Started on 2025-05-02 16:11:25 MSK

SET statement_timeout = 0;
SET lock_timeout = 0;
SET idle_in_transaction_session_timeout = 0;
SET transaction_timeout = 0;
SET client_encoding = 'UTF8';
SET standard_conforming_strings = on;
SELECT pg_catalog.set_config('search_path', '', false);
SET check_function_bodies = false;
SET xmloption = content;
SET client_min_messages = warning;
SET row_security = off;

--
-- TOC entry 4 (class 2615 OID 2200)
-- Name: public; Type: SCHEMA; Schema: -; Owner: pg_database_owner
--

CREATE SCHEMA public;


ALTER SCHEMA public OWNER TO pg_database_owner;

--
-- TOC entry 3650 (class 0 OID 0)
-- Dependencies: 4
-- Name: SCHEMA public; Type: COMMENT; Schema: -; Owner: pg_database_owner
--

COMMENT ON SCHEMA public IS 'standard public schema';


SET default_tablespace = '';

SET default_table_access_method = heap;

--
-- TOC entry 220 (class 1259 OID 16460)
-- Name: films; Type: TABLE; Schema: public; Owner: postgres
--

CREATE TABLE public.films (
    id bigint NOT NULL,
    name character varying NOT NULL,
    description character varying,
    release_date date,
    duration integer,
    genre character varying,
    rating numeric(3,1)
);


ALTER TABLE public.films OWNER TO postgres;

--
-- TOC entry 219 (class 1259 OID 16459)
-- Name: films_id_seq; Type: SEQUENCE; Schema: public; Owner: postgres
--

ALTER TABLE public.films ALTER COLUMN id ADD GENERATED BY DEFAULT AS IDENTITY (
    SEQUENCE NAME public.films_id_seq
    START WITH 1
    INCREMENT BY 1
    NO MINVALUE
    NO MAXVALUE
    CACHE 1
);


--
-- TOC entry 222 (class 1259 OID 16474)
-- Name: review; Type: TABLE; Schema: public; Owner: postgres
--

CREATE TABLE public.review (
    id bigint NOT NULL,
    text character varying,
    rating numeric(3,1),
    film_id bigint,
    user_id bigint
);


ALTER TABLE public.review OWNER TO postgres;

--
-- TOC entry 221 (class 1259 OID 16473)
-- Name: review_id_seq; Type: SEQUENCE; Schema: public; Owner: postgres
--

ALTER TABLE public.review ALTER COLUMN id ADD GENERATED BY DEFAULT AS IDENTITY (
    SEQUENCE NAME public.review_id_seq
    START WITH 1
    INCREMENT BY 1
    NO MINVALUE
    NO MAXVALUE
    CACHE 1
);


--
-- TOC entry 223 (class 1259 OID 16499)
-- Name: user_friends; Type: TABLE; Schema: public; Owner: postgres
--

CREATE TABLE public.user_friends (
    user_id bigint NOT NULL,
    friend_id bigint NOT NULL
);


ALTER TABLE public.user_friends OWNER TO postgres;

--
-- TOC entry 224 (class 1259 OID 16514)
-- Name: user_likes; Type: TABLE; Schema: public; Owner: postgres
--

CREATE TABLE public.user_likes (
    user_id bigint NOT NULL,
    film_id bigint NOT NULL
);


ALTER TABLE public.user_likes OWNER TO postgres;

--
-- TOC entry 225 (class 1259 OID 24691)
-- Name: user_roles; Type: TABLE; Schema: public; Owner: postgres
--

CREATE TABLE public.user_roles (
    user_id bigint NOT NULL,
    role character varying(255) NOT NULL
);


ALTER TABLE public.user_roles OWNER TO postgres;

--
-- TOC entry 218 (class 1259 OID 16452)
-- Name: users; Type: TABLE; Schema: public; Owner: postgres
--

CREATE TABLE public.users (
    id bigint NOT NULL,
    email character varying,
    login character varying,
    name character varying,
    birthday date,
    password character varying
);


ALTER TABLE public.users OWNER TO postgres;

--
-- TOC entry 217 (class 1259 OID 16451)
-- Name: users_id_seq; Type: SEQUENCE; Schema: public; Owner: postgres
--

ALTER TABLE public.users ALTER COLUMN id ADD GENERATED BY DEFAULT AS IDENTITY (
    SEQUENCE NAME public.users_id_seq
    START WITH 1
    INCREMENT BY 1
    NO MINVALUE
    NO MAXVALUE
    CACHE 1
);


--
-- TOC entry 3639 (class 0 OID 16460)
-- Dependencies: 220
-- Data for Name: films; Type: TABLE DATA; Schema: public; Owner: postgres
--

COPY public.films (id, name, description, release_date, duration, genre, rating) FROM stdin;
9	Comedy	descr	1995-07-15	110	COMEDY	7.2
3	Fil3	third film	2000-07-15	105	ACTION	6.5
10	Old house	descr	1995-07-15	107	DRAMA	8.5
14	Test	новое описание	2000-09-18	120	SCIENCE_FICTION	7.4
2	Mad Mike	second film	2000-07-15	98	ACTION	8.6
16	Another women	Romantic comedy	2014-10-12	138	COMEDY	9.0
\.


--
-- TOC entry 3641 (class 0 OID 16474)
-- Dependencies: 222
-- Data for Name: review; Type: TABLE DATA; Schema: public; Owner: postgres
--

COPY public.review (id, text, rating, film_id, user_id) FROM stdin;
2	normal	8.5	10	2
15	text	7.0	14	3
16	новый отзыв	9.0	14	2
19	Крутой фильм	10.0	14	7
20	Ужас	4.0	14	6
30	some text	8.0	10	7
31	Cool film	9.0	16	9
\.


--
-- TOC entry 3642 (class 0 OID 16499)
-- Dependencies: 223
-- Data for Name: user_friends; Type: TABLE DATA; Schema: public; Owner: postgres
--

COPY public.user_friends (user_id, friend_id) FROM stdin;
2	3
3	2
9	3
3	9
9	12
12	9
9	2
2	9
12	2
2	12
\.


--
-- TOC entry 3643 (class 0 OID 16514)
-- Dependencies: 224
-- Data for Name: user_likes; Type: TABLE DATA; Schema: public; Owner: postgres
--

COPY public.user_likes (user_id, film_id) FROM stdin;
2	14
3	14
6	14
7	14
6	10
7	10
3	2
\.


--
-- TOC entry 3644 (class 0 OID 24691)
-- Dependencies: 225
-- Data for Name: user_roles; Type: TABLE DATA; Schema: public; Owner: postgres
--

COPY public.user_roles (user_id, role) FROM stdin;
11	USER
9	ADMIN
12	USER
\.


--
-- TOC entry 3637 (class 0 OID 16452)
-- Dependencies: 218
-- Data for Name: users; Type: TABLE DATA; Schema: public; Owner: postgres
--

COPY public.users (id, email, login, name, birthday, password) FROM stdin;
2	littlemary@mail.ru	little_devil	Mary	2000-06-03	\N
11	daria@mail.ru	daria	Dasha	2000-06-03	$2a$04$.6s1M6nnrz0zDaFAWecFo.HGtWLmTsFfviEEZvgt3kr.IVZA5E4EW
7	nady@mail.ru	Nady	Nadine	1998-10-16	\N
6	peter@mail.ru	Peter13	Peter	1990-11-16	\N
3	kate@mail.ru	kate	Kate	2001-08-17	\N
9	nikita@mail.ru	mikita95	Nikika	1996-07-12	$2a$04$.6s1M6nnrz0zDaFAWecFo.HGtWLmTsFfviEEZvgt3kr.IVZA5E4EW
12	alex@mail.ru	alex	Alexandrr	1999-10-06	$2a$04$aAnDGCXqLQmARnG3ioD7xuf/Wta44P/B4sCsZEzFeDefQo20neRQy
\.


--
-- TOC entry 3651 (class 0 OID 0)
-- Dependencies: 219
-- Name: films_id_seq; Type: SEQUENCE SET; Schema: public; Owner: postgres
--

SELECT pg_catalog.setval('public.films_id_seq', 16, true);


--
-- TOC entry 3652 (class 0 OID 0)
-- Dependencies: 221
-- Name: review_id_seq; Type: SEQUENCE SET; Schema: public; Owner: postgres
--

SELECT pg_catalog.setval('public.review_id_seq', 31, true);


--
-- TOC entry 3653 (class 0 OID 0)
-- Dependencies: 217
-- Name: users_id_seq; Type: SEQUENCE SET; Schema: public; Owner: postgres
--

SELECT pg_catalog.setval('public.users_id_seq', 12, true);


-- Completed on 2025-05-02 16:11:25 MSK

--
-- PostgreSQL database dump complete
--

